"packet_rate,latency_ms,packet_loss,syn_ratio,voltage,current,frequency,temperature_c,register_value,command_id,pv_output_pu,wind_output_pu,setpoint,battery_soc,true_threat,src_bytes,dst_bytes,src_pkts"
"21.63,18.698,0.00172,0.03341,0.9471,2.4576,60.0279,79.23,2799.886,10,0.268,0.6597,0.6526,0.5462,physical_fault,4715.8,2692.3,38"
"28.4,11.469,0.00474,0.16902,0.9625,0.669,59.9491,41.59,2825.192,10,0.311,0.6485,0.6484,0.5443,scanning_probe,4304.2,3461.3,256"
"46.73,91.86,0.05143,0.0334,0.957,0.7218,60.0406,43.89,2880.292,20,0.2817,0.6902,0.6396,0.5576,man_in_the_middle,4184.3,3258.8,39"
"34.07,11.75,0.00111,0.02887,0.9846,0.7451,60.0491,43.82,2889.721,10,0.2637,0.7643,0.6452,0.5597,normal,4591.4,2613.0,40"
"24.48,10.829,0.00478,0.03165,0.9754,0.7424,60.0374,44.14,2918.47,11,0.369,0.9042,0.6613,0.5706,normal,4354.0,3178.3,30"
"30.52,13.128,0.00312,0.03023,0.6618,0.7372,59.9953,42.85,3374.244,21,0.3154,0.8275,0.6382,0.5711,false_data_injection,2859.3,3387.8,42"
"26.07,15.852,0.00327,0.0307,0.982,0.7296,59.9793,43.29,2952.623,11,0.3726,0.9322,0.6435,0.587,normal,4355.5,3850.9,41"
"1284.15,169.018,0.00255,0.53278,0.992,0.7139,60.0157,43.91,2999.248,12,0.3998,0.8875,0.6671,0.579,dos_attack,3054.2,2975.2,1273"
"18.14,14.545,0.00285,0.0242,0.9794,0.6743,59.9875,43.58,3018.396,10,0.3747,0.9675,0.6354,0.5774,normal,3193.8,3907.9,28"
"1255.61,76.521,0.00424,0.63913,0.9808,0.6437,59.9812,44.1,2977.897,21,0.3836,0.8755,0.6482,0.5848,dos_attack,3640.6,2846.9,1003"
"11.33,16.284,0.00325,0.03094,0.9677,0.6233,59.9931,45.11,2968.414,21,0.4191,0.8344,0.6585,0.5844,normal,4495.7,2859.4,19"
"15.31,129.093,0.05376,0.02517,0.9672,0.5787,59.989,44.7,2999.058,11,0.355,0.8285,0.6275,0.591,man_in_the_middle,4350.9,3001.2,14"
"51.75,6.008,0.00174,0.02654,1.299,0.5679,60.0127,44.63,3401.03,12,0.3795,0.8094,0.6622,0.6063,false_data_injection,4206.0,3356.2,40"
"1115.98,244.526,0.00514,0.65757,0.9434,0.5601,59.9869,44.69,2942.105,20,0.4353,0.6941,0.6396,0.5926,dos_attack,3266.8,3243.0,1087"
"17.67,14.449,0.00402,0.03531,0.9368,0.5837,59.9726,45.84,2918.323,12,0.4233,0.6786,0.6449,0.6268,normal,3287.5,3992.2,25"
"30.17,15.616,0.00219,0.03078,0.9298,0.6042,59.9833,45.07,2864.706,11,0.4147,0.6928,0.6698,0.6112,normal,5078.4,3559.1,46"
"25.51,89.49,0.02701,0.03908,0.9278,0.5963,60.0024,46.91,2857.732,20,0.3692,0.6214,0.6587,0.6154,man_in_the_middle,3651.2,3161.0,41"
"40.27,6.745,0.00355,0.03609,0.9298,0.6252,60.0226,45.5,2841.193,21,0.4133,0.5887,0.6349,0.6099,normal,5409.9,2562.7,30"
"26.15,12.116,0.00207,0.02694,0.9219,0.6601,60.0204,45.69,2808.092,12,0.3919,0.5079,0.6257,0.622,normal,3905.1,3258.5,29"
"40.99,74.442,0.05082,0.02354,0.9132,0.6727,60.0051,46.3,2770.682,20,0.3918,0.5656,0.6525,0.6189,man_in_the_middle,4688.1,4266.2,58"
"29.9,9.486,0.00246,0.03436,0.9236,0.703,59.9927,46.66,2714.659,20,0.3789,0.5499,0.6602,0.6298,normal,5035.4,3561.8,30"
"33.25,16.396,0.00128,0.02788,0.936,0.7276,60.0387,47.42,2669.424,12,0.3845,0.4909,0.637,0.6158,normal,5972.4,2759.3,54"
"23.12,16.394,0.00305,0.02452,0.9301,0.7094,59.9378,44.9,2657.791,10,0.3635,0.4955,0.6454,0.6272,normal,4360.7,3185.7,35"
"29.58,14.273,0.00361,0.03288,0.9335,0.7072,59.9699,44.87,2626.964,10,0.3863,0.5696,0.6647,0.6417,normal,3410.5,3908.4,50"
"20.29,16.116,0.00368,0.03047,0.9482,0.7286,60.0117,45.75,2605.41,20,0.3002,0.5811,0.6599,0.6387,normal,5042.9,3676.7,27"
"36.75,56.286,0.01605,0.02536,0.9427,0.6901,59.982,43.76,2600.219,11,0.3567,0.5635,0.6536,0.6436,man_in_the_middle,5028.9,3294.3,41"
"25.53,13.922,0.00451,0.03248,0.9509,0.6662,60.0149,45.02,2608.232,10,0.3262,0.6124,0.6433,0.6514,normal,4738.6,2147.9,37"
"36.13,9.745,0.00264,0.03023,0.9654,0.6625,60.0045,45.83,2593.204,10,0.2816,0.7104,0.624,0.6599,normal,5139.9,1383.1,39"
"37.81,14.456,0.00456,0.03564,0.9601,0.6263,59.9956,45.18,2584.427,20,0.2924,0.6747,0.6379,0.6436,normal,5529.3,2867.4,47"
"13.27,17.401,0.00397,0.04007,0.9734,0.5914,59.985,45.18,2624.678,11,0.2217,0.7978,0.6595,0.6493,normal,4800.2,3557.7,22"
"1019.34,118.982,0.00302,0.48135,0.9705,0.5647,60.0182,45.32,2632.003,11,0.3109,0.7911,0.6567,0.6549,dos_attack,3672.2,3862.5,1317"
"26.16,12.939,0.00328,0.02645,0.9786,0.5602,60.0128,44.76,2659.41,21,0.1808,0.8008,0.6562,0.6493,normal,3119.5,3418.1,35"
"38.27,9.601,0.00396,0.02775,0.9775,0.5633,59.9753,44.18,2688.257,11,0.1859,0.8932,0.67,0.6542,normal,4422.6,2882.0,38"
"15.21,13.226,0.00257,0.0289,0.7489,0.5861,60.0012,43.7,2234.118,10,0.1527,0.9572,0.6433,0.6464,false_data_injection,4531.7,2504.9,20"
"21.17,14.388,0.00295,0.02928,0.9609,0.6301,59.9998,44.82,2783.029,12,0.1944,0.9007,0.6436,0.6618,normal,3984.6,2947.3,29"
"23.04,16.409,0.00274,0.02651,0.9674,0.6156,59.9955,44.37,2793.868,21,0.1572,0.854,0.6795,0.6598,normal,3505.4,3433.8,38"
"30.71,11.722,0.00346,0.23911,0.9605,0.6645,59.9861,42.1,2826.693,10,0.1886,0.8799,0.6565,0.6535,scanning_probe,4724.0,3707.4,171"
"33.35,8.332,0.0028,0.03484,0.9554,0.6442,60.0053,41.83,2841.525,11,0.1879,0.9191,0.6606,0.6672,normal,4729.0,3091.3,26"
"30.77,13.046,0.00183,0.0253,0.935,0.6753,60.0058,41.22,2910.101,12,0.1109,0.8469,0.6375,0.663,normal,5522.4,3144.1,39"
"44.73,5.986,0.00173,0.02154,0.9422,0.7336,59.9797,41.76,2925.579,12,0.1431,0.8092,0.6383,0.665,normal,5361.2,3160.8,29"
"40.76,10.787,0.00417,0.02572,0.9291,0.7237,59.9984,42.23,2964.447,11,0.1745,0.7956,0.6371,0.6771,normal,4359.2,3125.1,39"
"53.96,14.673,0.00386,0.02644,0.9337,0.7295,59.9978,42.31,2974.363,21,0.0755,0.6932,0.6313,0.67,replay_attack,4630.8,3475.7,34"
"24.03,101.474,0.03853,0.03244,0.9201,0.7115,59.9589,39.98,2988.766,11,0.168,0.802,0.6442,0.67,man_in_the_middle,4460.6,3765.0,29"
"24.43,15.986,0.00441,0.0283,0.9113,0.7077,59.9954,41.64,2993.496,12,0.1305,0.6328,0.6432,0.6633,normal,4946.7,3948.3,36"
"59.59,9.599,0.00158,0.02867,0.9172,2.2075,59.9928,81.07,3006.448,21,0.1691,0.7031,0.6724,0.6659,physical_fault,4429.1,3822.8,47"
"23.13,14.582,0.00239,0.0291,0.585,0.6553,60.014,40.75,2486.673,20,0.121,0.5998,0.6889,0.6692,false_data_injection,3292.9,2261.4,30"
"32.93,11.906,0.00328,0.02561,0.9253,0.6153,59.993,40.14,2978.038,11,0.1318,0.5035,0.647,0.6651,normal,5017.8,2484.1,44"
"24.33,18.62,0.00136,0.03304,0.9366,0.5783,59.9488,40.17,2976.847,21,0.1105,0.5387,0.6583,0.6709,normal,4947.5,2768.8,39"
"38.83,5.995,0.00208,0.0224,0.9426,0.5841,59.973,40.5,2938.148,10,0.0832,0.6131,0.6611,0.668,normal,3567.1,3727.3,27"
"41.33,8.187,0.00415,0.02515,0.9445,0.5998,59.98,40.23,2907.34,20,0.1349,0.4661,0.6755,0.6708,normal,4846.9,2648.4,46"
"31.8,10.583,0.00341,0.03412,0.9544,0.5706,60.0243,38.17,2895.507,10,0.1528,0.0557,1.2596,0.6627,der_manipulation,5020.4,2645.4,36"
"30.03,13.425,0.00286,0.02037,0.9632,0.6032,60.0155,39.31,2833.359,10,0.2036,0.5456,0.6677,0.6746,normal,4395.2,2955.7,38"
"22.98,16.218,0.0026,0.03247,0.9758,0.5869,60.0071,37.74,2806.732,10,0.1588,0.5259,0.6549,0.665,normal,2910.5,3175.0,39"
"32.25,9.306,0.00115,0.02366,0.9641,2.1956,59.9741,64.08,2796.222,10,0.1397,0.5929,0.6368,0.6617,physical_fault,4699.9,3646.6,22"
"24.45,12.22,0.00287,0.02897,0.9783,0.6493,60.0421,38.32,2775.65,12,0.1628,1.2054,1.0582,0.6633,der_manipulation,4321.4,3125.8,29"
"29.78,10.771,0.00199,0.03295,0.984,0.663,60.0553,38.18,2694.385,20,0.1759,0.6567,0.6613,0.6689,normal,4187.6,3448.6,34"
"23.82,100.312,0.03425,0.03089,0.9772,0.7124,60.0408,37.65,2671.041,11,0.228,0.6693,0.645,0.655,man_in_the_middle,5071.3,2394.6,33"
"136.08,1.893,0.00285,0.03305,0.9696,0.708,59.9809,38.32,2638.867,10,0.2324,0.8012,0.6446,0.6723,normal,4353.9,4068.2,46"
"33.32,11.889,0.00376,0.03025,0.9809,0.7327,59.9619,37.86,2615.811,20,0.203,0.829,0.649,0.6637,normal,2876.1,3944.9,43"
"880.81,121.066,0.00207,0.5646,0.9871,0.7411,59.988,38.38,2616.804,11,0.224,0.8539,0.6553,0.6541,dos_attack,4004.8,3357.3,730"
"924.86,224.98,0.00252,0.62128,0.9581,0.7034,60.0179,37.86,2610.625,12,0.2197,0.8312,0.6576,0.6485,dos_attack,5545.7,5379.1,932"
"18.3,15.18,0.00394,0.03376,0.9641,0.6863,59.9372,37.62,2618.691,10,0.3134,0.8777,0.6357,0.6537,normal,5809.7,4129.8,28"
"30.01,12.232,0.0012,0.03268,0.9596,0.6812,59.9987,38.3,2592.31,21,0.2794,0.9198,0.6652,0.6587,normal,4956.0,3849.1,35"
"25.74,19.856,0.0028,0.02687,0.9447,0.6685,60.0365,38.68,2647.229,10,0.217,0.8536,0.6364,0.6483,normal,4270.3,3623.5,49"
"31.71,16.858,0.00267,0.02801,0.9479,0.6268,60.0035,38.13,3340.091,254,0.302,0.8721,0.642,0.6555,scada_command_injection,4221.6,3066.3,48"
"22.08,12.671,0.00217,0.20613,0.9329,0.6147,59.9975,37.89,2658.939,21,0.3135,0.8932,0.6481,0.6447,scanning_probe,3204.1,3415.3,158"
"35.27,14.478,0.0019,0.02608,0.3971,1.3471,59.1802,38.19,2686.815,20,0.3633,0.8218,0.6269,0.6325,cascade_fault,4263.1,3447.5,41"
"26.11,8.523,0.00357,0.02828,0.9236,0.5659,60.0095,39.04,2704.42,11,0.3284,0.7613,0.6271,0.6216,normal,3986.9,3509.9,24"
"33.46,12.809,0.00362,0.03774,0.9086,0.5819,59.9946,39.12,2739.708,20,0.3339,0.7393,0.6768,0.6358,normal,5176.1,3020.1,41"
"43.05,11.664,0.00253,0.02917,0.9275,0.5694,59.9951,37.88,3402.298,204,0.3676,0.8254,0.6477,0.6371,scada_command_injection,3937.1,2573.8,46"
"49.64,8.07,0.0042,0.24434,0.9169,0.612,59.9624,38.36,2794.917,10,0.3737,0.7246,0.6691,0.6297,scanning_probe,5579.6,4221.3,160"
"46.59,10.266,0.00209,0.02744,0.9319,0.612,59.9771,39.56,2819.96,12,0.4055,0.6438,0.6478,0.6176,normal,4989.8,3948.4,47"
"1312.82,86.473,0.00421,0.44507,0.9384,0.6491,60.0021,38.57,2874.796,12,0.3709,0.5287,0.6386,0.6124,dos_attack,4747.1,3171.7,1502"
"16.98,14.329,0.00382,0.03236,0.942,0.6699,59.9942,39.96,2891.206,10,0.3575,0.6404,0.6434,0.6308,normal,4291.4,2481.5,22"
"16.87,18.212,0.00312,0.03255,0.7383,0.7051,59.9453,39.54,2560.591,20,0.441,0.5204,0.6358,0.6127,false_data_injection,3100.6,2113.2,28"
"42.6,6.082,0.00208,0.02543,0.9504,0.729,59.9825,39.72,2952.007,12,0.4128,0.5406,0.6646,0.6082,normal,4981.2,3464.9,29"
"957.21,229.01,0.00397,0.4342,0.9541,0.7294,60.02,40.1,2984.194,11,0.3824,0.5089,0.6564,0.5994,dos_attack,3484.2,2795.0,1473"
"1120.93,77.224,0.00256,0.51181,0.9569,0.7321,59.9989,41.32,3013.827,12,0.3789,0.4156,0.6451,0.6031,dos_attack,5185.1,3320.6,917"
"32.86,10.868,0.00457,0.03269,0.9719,0.7073,60.0078,40.66,2992.709,12,0.3464,0.4537,0.639,0.5997,normal,4117.7,3066.9,41"
"54.8,9.506,0.00234,0.02901,0.9716,1.348,60.0329,83.92,2986.797,10,0.3992,0.4878,0.6614,0.5945,physical_fault,3414.5,3562.4,39"
"52.61,6.164,0.00182,0.03559,0.9813,0.6955,59.9814,42.26,2989.329,10,0.4408,0.5555,0.6315,0.5887,normal,3913.0,3213.3,35"
"25.7,13.256,0.00441,0.0341,0.9851,0.6276,60.0065,41.64,2977.141,20,0.4013,0.1599,1.1779,0.5808,der_manipulation,5068.9,3705.6,34"
"37.57,7.288,0.00261,0.03074,1.3215,0.6081,60.0077,42.45,3648.235,21,0.3355,0.601,0.6664,0.5878,false_data_injection,4940.8,2788.6,28"
"13.43,15.592,0.00417,0.03286,0.9756,0.609,60.0494,43.8,2960.97,20,0.3306,0.6581,0.64,0.5766,normal,6049.6,3162.0,22"
"25.85,15.002,0.00475,0.02605,0.9758,0.5721,60.0079,44.01,2918.484,11,0.3216,0.6746,0.6457,0.5776,normal,3064.4,3191.2,37"
"48.08,7.0,0.00323,0.0323,0.9679,0.5495,60.0266,44.13,2878.751,10,0.3001,0.7591,0.6742,0.5688,normal,5469.8,2963.4,40"
"36.82,11.962,0.00405,0.03108,0.7224,0.5885,60.0141,45.38,2350.341,21,0.3189,0.7205,0.667,0.5667,false_data_injection,3930.0,2335.7,40"
"23.89,13.169,0.0032,0.03582,0.9561,0.5977,59.994,43.86,2832.082,10,0.3146,0.8454,0.6425,0.5578,normal,5161.3,2683.3,35"
"43.31,11.225,0.00084,0.02699,0.9471,0.61,60.0341,44.3,2783.808,11,0.3055,0.8973,0.648,0.5526,normal,5023.1,2896.7,40"
"50.86,9.46,0.00347,0.02954,0.9303,0.6313,59.9844,44.38,2766.472,21,0.2252,0.8567,0.6696,0.5557,normal,4142.9,2620.3,50"
"31.17,10.847,0.00324,0.03275,0.9336,0.6474,59.9751,43.57,2710.841,11,0.2794,0.9158,0.6412,0.5472,normal,5092.6,3259.5,30"
"31.12,11.443,0.00287,0.02747,0.9325,0.6761,59.9572,45.26,2667.906,20,0.2076,1.3706,1.0722,0.5418,der_manipulation,5277.4,3054.3,36"
"25.28,15.471,0.00327,0.03249,0.9352,1.5146,60.0103,85.37,2658.994,12,0.2199,0.908,0.663,0.5533,physical_fault,4306.3,2833.1,39"
"20.78,14.668,0.00389,0.02707,0.9085,0.7245,59.978,46.19,2645.515,11,0.2131,0.9237,0.6568,0.5309,normal,5326.9,2309.0,26"
"28.62,10.951,0.00443,0.02877,0.9246,0.7268,59.9796,44.91,2609.23,10,0.2177,0.8122,0.6421,0.5319,normal,5630.6,4061.7,28"
"834.76,187.696,0.00192,0.65021,0.9189,0.7518,60.0172,44.39,2576.544,20,0.2074,0.8522,0.6631,0.5208,dos_attack,4711.4,3026.6,1081"
"49.52,47.329,0.03468,0.032,0.9213,0.7234,59.9037,45.21,2590.441,11,0.2333,0.81,0.6522,0.5247,man_in_the_middle,3992.9,2435.0,26"
"26.78,13.852,0.00377,0.2268,0.9279,0.6885,60.0303,45.27,2599.677,10,0.1139,0.6888,0.6343,0.5223,scanning_probe,3479.7,3758.6,214"
"31.21,12.586,0.00359,0.02708,0.9306,1.4825,60.0258,78.51,2603.883,12,0.1837,0.713,0.6281,0.5144,physical_fault,2700.1,2987.0,40"
"35.04,11.863,0.00119,0.03084,0.9424,0.6339,60.0111,45.6,2626.412,12,0.1638,0.1432,0.1454,0.5113,der_manipulation,5403.0,2893.1,47"
"1236.34,157.193,0.00227,0.38374,0.9446,0.6478,59.9854,44.97,2640.984,20,0.162,0.6099,0.6438,0.499,dos_attack,4120.4,1582.9,1442"
"22.13,9.645,0.00495,0.03182,0.9598,1.5606,59.981,88.09,2686.363,11,0.1045,0.5841,0.6641,0.5064,physical_fault,4652.3,3953.0,23"
"27.95,12.438,0.00343,0.03111,0.9587,0.5942,60.0068,45.86,2695.066,12,0.1026,0.5613,0.6447,0.502,normal,5383.4,2412.6,33"
"19.65,14.596,0.00082,0.03687,1.2136,0.5611,59.9771,46.07,2373.92,11,0.108,0.5365,0.6622,0.5051,false_data_injection,4934.0,3124.6,32"
"29.92,11.956,0.0031,0.02877,0.9714,0.5726,60.0186,46.08,2781.719,21,0.0725,0.5601,0.6447,0.488,normal,4920.8,3928.3,33"
"46.23,6.846,0.00209,0.03177,0.9795,0.5874,60.0326,45.22,2805.792,11,0.12,0.4733,0.6703,0.48,normal,3722.3,3606.8,42"
"29.78,13.482,0.0018,0.03112,0.9856,0.6028,59.9917,46.29,2848.029,21,0.1694,0.4574,0.6629,0.4846,normal,3223.2,2991.6,39"
"33.67,10.697,0.00305,0.0313,0.9861,0.6195,60.0151,44.65,2871.845,11,0.1378,0.4841,0.6553,0.4849,normal,4329.8,2359.9,30"
"33.61,9.582,0.00104,0.02773,0.9853,0.6359,60.003,45.27,2909.504,20,0.1057,0.522,0.6354,0.4797,normal,3393.3,2030.6,35"
"49.33,9.171,0.00073,0.32977,0.9787,0.6705,60.0066,44.28,2947.882,11,0.0925,0.5792,0.6488,0.4807,scanning_probe,4346.7,2833.3,284"
"19.89,17.336,0.00333,0.03321,0.9649,0.6861,59.9647,44.51,3735.109,209,0.1581,0.5852,0.6562,0.4755,scada_command_injection,4580.9,2560.4,36"
"31.24,11.247,0.00252,0.02881,0.969,0.7251,60.005,45.76,3009.541,20,0.0135,0.6738,0.6414,0.4657,normal,4227.3,3663.4,37"
"56.24,7.891,0.00025,0.02671,0.9537,0.7404,59.9735,44.78,3822.451,230,0.1457,0.809,0.6271,0.4638,scada_command_injection,3899.0,2960.6,39"
"27.07,13.959,0.00184,0.0312,0.9515,0.7346,59.9983,43.34,3003.863,20,0.1124,0.7928,0.6707,0.4601,normal,4198.8,3984.2,31"
"32.6,4.987,0.00267,0.03036,0.9405,0.7015,60.0058,43.78,3000.897,12,0.1171,0.8161,0.6504,0.4617,normal,5059.0,2630.5,26"
"27.61,13.882,0.00272,0.03141,0.9372,0.6986,59.9685,43.18,3007.152,10,0.1126,0.847,0.6601,0.4614,normal,5202.0,3660.2,39"
"25.53,12.078,0.00337,0.03221,0.9287,0.6604,60.025,41.93,2991.19,20,0.1564,0.9122,0.6337,0.4642,normal,4927.9,2681.1,32"
"27.75,106.706,0.04878,0.02826,0.9255,0.6599,59.9819,44.0,2971.94,10,0.2298,0.9514,0.6411,0.4602,man_in_the_middle,4057.2,2675.9,46"
"24.35,17.478,0.003,0.02905,0.9113,0.6229,59.9964,42.63,2960.884,11,0.2503,0.8818,0.6389,0.4488,normal,4738.5,2407.3,36"
"57.31,64.608,0.02026,0.03664,0.913,0.6201,59.9783,42.25,2911.466,10,0.2123,0.9824,0.6646,0.4569,man_in_the_middle,4847.6,3732.7,36"
"27.8,17.643,0.00474,0.02703,0.9226,1.4594,60.0331,66.41,2900.044,10,0.2304,0.9072,0.6574,0.4333,physical_fault,6248.2,3216.6,43"
"16.72,18.136,0.00183,0.0313,0.9249,0.564,60.024,41.48,2863.896,21,0.2398,0.9383,0.6678,0.4404,normal,3956.8,5034.3,31"
"29.97,13.125,0.0029,0.03392,0.9258,0.5647,59.9932,41.74,2801.707,10,0.2652,0.8226,0.6353,0.4489,normal,4279.4,3637.5,34"
"22.53,16.154,0.00082,0.03031,0.9323,0.5882,60.0232,41.28,2768.815,21,0.3021,0.8625,0.6637,0.4404,normal,5629.1,3177.8,39"
"19.99,18.812,0.00334,0.02745,0.9366,1.7139,59.982,86.38,2746.669,21,0.3449,0.8008,0.636,0.4451,physical_fault,4609.2,3072.7,32"
"38.5,11.107,0.00199,0.03668,0.9674,0.6005,59.9786,38.14,2705.744,11,0.3255,0.7912,0.6426,0.443,normal,3429.0,2840.6,37"
"31.33,9.726,0.00292,0.02766,0.9664,0.64,59.9801,41.0,2664.714,10,0.3479,0.7198,0.6442,0.4365,normal,3363.8,3322.2,33"
"33.38,12.819,0.00367,0.0225,0.9658,0.6746,59.9969,40.28,2670.694,20,0.3608,0.6181,0.6569,0.4391,normal,4363.2,2915.7,40"
"933.77,181.444,0.00371,0.54886,0.9732,0.7097,59.9881,39.46,2637.682,20,0.3915,0.5618,0.6497,0.438,dos_attack,4233.8,4350.3,1093"
"40.04,10.898,0.00348,0.02771,0.9684,0.7277,59.9796,39.43,2611.502,11,0.3449,0.5521,0.6711,0.4368,normal,5315.4,3323.0,45"
"19.69,111.416,0.04354,0.02674,0.9852,0.7369,59.9885,39.76,2608.488,21,0.3846,0.5109,0.6345,0.4352,man_in_the_middle,4978.8,2899.9,39"
"20.9,9.433,0.00196,0.01783,0.9788,0.7366,59.9526,38.37,2585.947,10,0.3981,0.5826,0.6451,0.4403,normal,4845.8,3449.2,21"
"27.5,13.13,0.00325,0.02641,0.9795,0.6992,60.0252,37.78,2615.215,10,0.3951,0.5501,0.6904,0.4316,normal,5529.1,2270.8,34"
"30.88,123.15,0.04029,0.0342,0.9774,0.703,59.9965,38.48,2604.971,21,0.4058,0.4371,0.6117,0.4268,man_in_the_middle,6459.9,2630.0,38"
"25.95,11.395,0.00218,0.02843,1.2633,0.6583,60.0236,39.33,3215.585,21,0.3951,0.4891,0.6537,0.4326,false_data_injection,5604.7,3704.2,37"
"36.84,12.038,0.005,0.03373,0.9647,0.6581,59.999,38.15,2653.509,11,0.3913,0.4649,0.6713,0.4307,normal,4903.4,3729.8,40"
"35.59,12.884,0.0027,0.0258,0.9601,0.6089,60.0014,37.79,2653.874,21,0.3978,0.512,0.6329,0.4304,normal,5383.6,2977.6,36"
"41.87,7.025,0.00134,0.03544,0.9638,0.5981,60.0008,37.75,2680.245,11,0.4019,0.6156,0.6529,0.4286,normal,5806.0,3973.4,34"
"38.54,9.484,0.00251,0.02985,0.9435,0.5777,59.9789,37.79,2734.27,12,0.3897,0.6087,0.6737,0.436,normal,3643.3,3614.1,40"
"31.5,16.236,0.00521,0.03488,0.9386,0.5747,59.992,38.28,2779.285,10,0.4234,0.7187,0.6625,0.4318,normal,5225.9,4059.9,49"
"34.5,139.416,0.04614,0.02129,0.933,0.568,59.9731,38.0,2798.573,11,0.3641,0.6411,0.6404,0.4381,man_in_the_middle,5284.9,3410.2,46"
"71.05,3.914,0.00291,0.35614,0.9324,0.5972,59.961,37.9,2833.93,20,0.3769,0.7852,0.6796,0.4225,scanning_probe,5425.3,2533.2,252"
"22.11,7.272,0.00286,0.0346,0.933,0.6211,59.9801,39.07,2870.577,20,0.3234,0.728,0.6281,0.441,normal,4076.4,3468.3,20"
"40.44,9.41,0.00289,0.02628,0.9197,0.6177,60.0093,36.94,2880.199,10,0.3688,0.8455,0.6464,0.4309,normal,2733.5,3315.7,38"
"47.85,16.219,0.00066,0.0257,0.9127,0.6684,59.9881,37.33,2929.848,20,0.2972,0.8321,0.639,0.4356,replay_attack,6428.0,3843.3,32"
"36.99,9.353,0.00031,0.02929,0.9279,0.6736,60.0235,40.15,2962.989,21,0.3114,0.8377,0.6462,0.4497,normal,5053.6,2955.9,37"
"30.37,102.24,0.04097,0.03464,0.919,0.6992,60.0191,38.85,2972.615,12,0.3016,0.9431,0.6146,0.4392,man_in_the_middle,3952.3,3231.8,33"
"27.07,15.068,0.00307,0.03177,0.9306,0.7123,59.9549,38.76,2975.6,12,0.2578,0.892,0.6282,0.4403,normal,4777.9,3938.7,38"
"31.97,10.71,0.00363,0.20704,0.9499,0.7396,60.0172,37.86,2981.692,21,0.2483,0.9177,0.6303,0.4463,scanning_probe,4388.1,3028.3,193"
"28.94,12.293,0.00199,0.03809,0.9304,2.4714,59.9924,70.13,3026.413,21,0.2481,0.9127,0.6655,0.4518,physical_fault,4942.4,3600.4,34"
"26.47,18.042,0.0034,0.01637,0.9446,0.7161,59.9876,38.09,3019.122,21,0.2824,0.8595,0.662,0.4513,normal,3785.9,3004.7,39"
"40.28,10.263,0.00304,0.02106,0.952,0.7022,59.9631,39.2,2964.368,10,0.2612,0.8422,0.6594,0.4473,normal,5630.0,3282.6,41"
"25.29,17.222,0.00363,0.03286,0.9719,0.6705,59.9963,40.14,2969.705,11,0.2802,0.7818,0.64,0.4494,normal,4505.5,4160.5,38"
"47.47,10.871,0.00115,0.0226,0.9727,0.6421,60.0086,39.7,2954.71,10,0.1708,0.7269,0.6293,0.4453,normal,5592.6,3558.3,47"
"30.81,8.105,0.00275,0.03322,0.9671,0.6224,59.9842,41.54,2927.61,12,0.2025,0.6103,0.6236,0.4553,normal,4155.2,3990.8,34"
"1375.88,82.971,0.00256,0.58711,0.9697,0.5996,59.9987,41.41,2880.078,21,0.1864,0.6221,0.6574,0.4656,dos_attack,4066.6,3579.3,643"
"29.25,17.352,0.00194,0.0291,0.43,1.4226,61.5692,40.29,2853.266,10,0.0832,0.6461,0.6452,0.4584,cascade_fault,5395.8,3704.7,45"
"38.33,8.235,0.00312,0.02999,0.9825,0.5767,59.9946,41.26,2837.027,12,0.1665,0.5327,0.634,0.4736,normal,5100.7,2871.1,44"
"34.55,14.62,0.00342,0.03297,0.9802,0.5798,60.0622,42.16,2783.623,20,0.1629,0.6193,0.6695,0.4622,normal,5181.8,2925.6,41"
"23.11,15.909,0.00289,0.03244,0.9726,0.5758,60.0238,41.43,2745.658,11,0.0933,0.4798,0.6313,0.4651,normal,4038.9,4477.7,34"
"26.6,16.969,0.00319,0.02998,0.968,0.599,60.0071,42.52,2723.374,21,0.1173,0.5089,0.6799,0.4683,normal,5138.3,3493.4,45"
"24.37,11.244,0.00437,0.26491,0.9528,0.6211,60.0032,41.82,2683.835,11,0.0987,0.448,0.6468,0.4801,scanning_probe,4650.6,3924.3,208"
"17.4,15.503,0.00237,0.02547,0.9574,0.6534,59.9941,42.87,3391.823,232,0.1311,0.513,0.6323,0.4829,scada_command_injection,5183.3,4181.3,25"
"30.69,11.35,0.00223,0.03621,0.9529,0.6792,60.0178,44.11,2623.522,10,0.0921,0.5387,0.6294,0.4736,normal,3472.9,3141.8,40"
"28.78,15.99,0.00348,0.0253,0.9329,0.6977,60.0268,42.97,2601.541,12,0.0925,0.5469,0.6611,0.4919,normal,4852.5,3066.3,49"
"909.26,169.873,0.00273,0.48352,0.9474,0.7406,60.0243,45.05,2595.122,11,0.1303,0.5652,0.6362,0.4944,dos_attack,3587.9,2444.5,1386"
"32.27,10.493,0.00218,0.03086,1.2526,0.7357,60.0429,43.53,3145.546,10,0.1433,0.6141,0.6548,0.4924,false_data_injection,4843.4,3921.4,38"
"1354.23,77.374,0.00315,0.51863,0.9227,0.7331,60.0081,44.82,2596.029,21,0.1136,0.5856,0.6502,0.4958,dos_attack,4520.9,3089.3,797"
"27.47,13.22,0.00216,0.03156,0.3869,1.4713,58.6868,43.83,2618.384,20,0.1091,0.7314,0.6357,0.5023,cascade_fault,1613.3,4329.0,31"
"27.6,135.482,0.06007,0.03501,0.9296,0.6976,59.9885,45.25,2664.142,21,0.0948,0.7425,0.6556,0.4877,man_in_the_middle,5312.6,2373.2,42"
"35.92,12.673,0.00118,0.03148,0.9202,0.6809,59.9704,44.69,2633.745,20,0.1333,0.8067,0.6544,0.5202,normal,6059.0,3217.1,43"
"30.68,16.01,0.00412,0.02842,0.9107,2.2966,60.0082,98.63,2663.505,10,0.1395,0.816,0.64,0.5022,physical_fault,4563.5,3663.0,43"
"62.71,15.099,0.00235,0.02938,0.9251,0.6212,59.9827,45.02,2695.162,10,0.1175,0.8454,0.6316,0.5204,replay_attack,7460.7,2861.4,43"
"35.86,10.132,0.00047,0.02391,0.9355,0.608,60.0086,43.65,2721.246,21,0.0987,0.8595,0.652,0.5176,normal,3875.3,3164.5,40"
"41.29,11.793,0.00405,0.24086,0.9547,0.5764,60.0208,46.76,2776.346,10,0.2059,0.9411,0.6469,0.5328,scanning_probe,5201.7,2840.3,161"
"951.69,210.334,0.00374,0.62218,0.9464,0.5803,59.986,44.31,2811.721,20,0.1192,0.9373,0.6513,0.5324,dos_attack,4605.2,2849.5,1160"
"36.08,8.495,0.00267,0.02759,0.9581,1.243,60.0312,81.66,2848.822,21,0.2048,0.8676,0.6521,0.5397,physical_fault,4059.3,4454.5,33"
"34.22,10.15,0.00393,0.03751,0.5445,0.5814,60.0202,45.77,3548.416,12,0.1706,0.8807,0.6682,0.5351,false_data_injection,4405.2,2988.2,34"
"44.07,13.749,0.00234,0.03442,0.9759,0.5943,60.0136,46.45,3812.051,212,0.1858,0.8691,0.6442,0.5412,scada_command_injection,5572.1,3564.2,50"
"79.9,3.099,0.00352,0.02378,0.9737,0.6236,59.9607,46.11,3716.056,213,0.2041,0.8098,0.6501,0.5472,scada_command_injection,3550.9,2826.6,45"
"27.83,9.69,0.00209,0.0277,0.9728,0.6392,60.0008,45.91,2946.815,12,0.2172,0.8099,0.6357,0.5538,normal,4170.6,3072.6,30"
"78.25,133.038,0.02348,0.02493,0.9828,0.6857,60.0243,46.05,2964.56,21,0.2918,0.7562,0.6615,0.5464,man_in_the_middle,3820.0,3358.3,44"
"54.67,6.359,0.00234,0.03095,0.9771,0.6911,60.0389,45.38,2984.265,21,0.2886,1.2005,1.1532,0.5579,der_manipulation,6101.3,3588.6,33"
"41.8,7.118,0.00222,0.02627,0.9753,0.7219,60.007,45.67,2994.419,11,0.3169,0.6529,0.6665,0.5695,normal,5271.7,2618.7,35"
"41.1,8.473,0.0028,0.03409,0.9815,0.7047,59.9852,44.63,3010.416,20,0.3401,0.6079,0.6366,0.5711,normal,4751.8,3773.3,45"
"35.9,8.618,0.00394,0.0278,0.9692,0.7254,59.994,45.38,2965.739,20,0.2924,0.6082,0.6601,0.5719,normal,3480.5,3274.8,35"
"832.07,172.261,0.0032,0.47492,0.9563,0.7237,60.0289,46.6,3006.899,11,0.3,0.5977,0.6571,0.5716,dos_attack,4092.4,3021.2,990"
"30.67,13.514,0.00381,0.03361,0.9536,0.714,59.9806,45.85,2985.807,11,0.356,0.5208,0.6696,0.5729,normal,3701.5,2791.1,47"
"43.99,8.761,0.00383,0.0295,0.9471,0.6444,60.0476,45.63,2934.329,21,0.3869,0.458,0.6372,0.5827,normal,2781.6,3731.5,50"
"32.91,11.146,0.00322,0.03303,0.9433,0.6476,60.0362,45.4,2927.099,11,0.3569,0.394,0.6428,0.5812,normal,4033.2,3078.7,42"
"33.74,11.944,0.00246,0.03319,0.9299,0.6227,60.002,45.47,2885.212,11,0.3325,0.4605,0.6607,0.5875,normal,6107.0,3291.7,45"
"29.89,10.934,0.00413,0.03007,0.9293,0.5852,60.0375,44.21,2844.75,20,0.3586,0.5022,0.6702,0.5893,normal,4739.1,3507.5,40"
"79.53,12.681,0.00454,0.03548,0.9125,0.577,59.9992,43.96,2815.774,21,0.3732,0.5402,0.6481,0.5926,replay_attack,5330.2,3548.8,56"
"33.49,9.806,0.00254,0.03002,0.9239,0.573,59.9676,43.54,2811.626,11,0.3695,0.5715,0.6714,0.5975,normal,3622.6,2570.4,33"
"988.44,144.012,0.00277,0.64297,0.923,0.5793,60.0181,43.31,2748.391,12,0.4223,0.5125,0.671,0.6074,dos_attack,4927.3,3192.6,1081"
"31.38,54.676,0.04832,0.03401,0.9194,0.5835,60.0122,41.8,2711.432,20,0.4052,0.6944,0.667,0.5992,man_in_the_middle,4692.0,3964.8,48"
"29.41,12.983,0.00331,0.03405,0.9231,1.7641,59.9797,70.11,2688.332,21,0.393,0.7214,0.652,0.6108,physical_fault,3736.1,2961.8,33"
"28.44,87.836,0.0236,0.03167,0.9321,0.6221,59.9644,43.02,2664.383,21,0.4119,0.7849,0.6488,0.6093,man_in_the_middle,5060.3,2878.5,34"
"29.61,13.248,0.00267,0.02701,0.9347,0.6391,60.0316,41.9,2638.904,12,0.3444,0.7701,0.6435,0.6277,normal,4255.4,2628.5,40"
"22.33,12.905,0.00399,0.03222,1.3418,0.6757,59.9609,43.5,3000.579,21,0.4201,0.8532,0.6743,0.6256,false_data_injection,2563.4,4184.9,31"
"1010.48,129.524,0.00432,0.57401,0.9562,0.7115,59.9749,42.64,2617.901,12,0.3786,0.8548,0.6409,0.6232,dos_attack,4714.2,3462.5,1250"
"1105.53,111.681,0.00374,0.51844,0.9565,0.7053,60.0207,41.03,2596.206,12,0.4233,0.9236,0.6502,0.6201,dos_attack,5153.1,3911.6,1453"
"22.04,18.644,0.00246,0.02176,0.9637,1.834,59.9581,85.69,2602.289,21,0.363,0.9055,0.6265,0.6243,physical_fault,5064.3,2418.9,40"
"42.35,9.969,0.00375,0.02712,0.9795,0.7301,59.9902,41.31,2625.95,21,0.2403,0.8978,0.6658,0.6303,normal,2677.2,2993.6,43"
"18.86,13.605,0.00217,0.026,0.9753,2.4295,59.9689,76.2,2633.664,10,0.2921,0.8599,0.6564,0.6335,physical_fault,4235.1,2832.1,27"
"31.71,12.596,0.00357,0.03092,0.9824,0.6892,60.0271,40.57,2676.158,10,0.2667,0.8623,0.6334,0.6422,normal,4958.8,2831.0,42"
"40.87,11.988,0.00254,0.03247,0.9781,0.6902,59.984,39.73,3621.277,248,0.349,0.7994,0.6424,0.6446,scada_command_injection,3385.9,3331.6,47"
"1245.75,245.294,0.00278,0.3844,0.9764,0.6482,60.0134,38.83,2661.198,11,0.2792,0.8287,0.6343,0.6446,dos_attack,5014.4,2891.9,1073"
"28.87,12.836,0.00127,0.36671,0.9822,0.6201,60.0183,40.29,2734.559,12,0.2116,0.7878,0.6518,0.6521,scanning_probe,3695.9,4077.6,192"
"1031.75,120.69,0.00383,0.65077,0.9696,0.593,59.9951,40.3,2768.987,20,0.2304,0.7609,0.6284,0.6403,dos_attack,4414.4,3852.3,1464"
"35.79,13.273,0.00256,0.02978,0.9584,0.5685,59.9975,39.1,2803.728,20,0.2661,0.6547,0.6744,0.6526,normal,5139.1,4223.6,46"
"29.72,12.301,0.00346,0.02879,0.9597,0.5888,60.0131,38.38,3506.424,223,0.2108,0.606,0.6417,0.6514,scada_command_injection,4188.6,1764.7,42"
"34.27,9.133,0.00173,0.03557,1.2173,0.5712,60.0116,40.23,3483.465,10,0.222,0.56,0.657,0.651,false_data_injection,5726.0,2873.5,32"
"44.49,10.812,0.00294,0.02859,0.9451,0.5912,60.007,38.34,2918.759,20,0.1931,0.5202,0.6704,0.6694,normal,3459.8,3171.4,49"
"38.83,11.749,0.00377,0.0329,0.9325,0.6004,60.0294,38.71,2931.16,21,0.1799,0.6248,0.6481,0.6573,normal,4173.7,2437.4,46"
"1439.56,221.835,0.00255,0.47028,0.9333,0.598,59.9732,38.75,2970.238,20,0.1868,0.5049,0.6567,0.6606,dos_attack,4132.4,3990.3,1126"
"48.73,106.057,0.02316,0.03521,0.9242,0.667,60.0454,37.86,2981.563,12,0.1666,0.43,0.6434,0.6622,man_in_the_middle,3982.3,2821.0,47"
"1182.44,89.161,0.00249,0.56953,0.9152,0.6719,60.0171,37.24,2972.842,21,0.1424,0.5521,0.6514,0.6657,dos_attack,4290.1,3314.8,955"
"38.93,11.553,0.0045,0.02613,0.9116,0.6998,59.9941,37.91,2983.074,12,0.2109,0.4746,0.6152,0.6547,normal,3080.5,2330.7,53"
"40.11,13.964,0.00245,0.16866,0.9147,0.7157,60.0117,37.53,3009.826,12,0.1644,0.549,0.6254,0.667,scanning_probe,4448.4,3290.6,222"
"22.13,16.006,0.00434,0.03034,0.93,0.7394,59.9719,37.91,3005.067,20,0.1378,0.4673,0.6357,0.6693,normal,4421.3,2462.5,34"
"28.56,12.849,0.00184,0.02861,0.9315,0.7378,60.0034,38.25,2989.351,12,0.1598,0.1951,-0.0689,0.6664,der_manipulation,4432.4,2851.5,44"
"34.67,15.321,0.00312,0.03203,0.9273,0.7027,59.956,37.39,2952.923,12,0.1041,0.5739,0.6517,0.6671,normal,5375.8,1925.5,45"
"30.58,13.91,0.00304,0.02737,0.937,0.7096,59.9838,38.46,2971.073,10,0.0901,0.4088,1.1609,0.6668,der_manipulation,4453.9,3221.1,42"
"873.55,183.154,0.00248,0.6182,0.9425,0.6706,59.9836,37.0,2938.181,11,0.1428,0.6889,0.634,0.6728,dos_attack,3945.3,3320.8,1030"
"34.42,12.295,0.0032,0.02994,0.952,1.5195,60.011,89.91,2870.902,10,0.1081,0.7876,0.6105,0.6681,physical_fault,3946.5,3713.2,43"
"33.98,14.283,0.00384,0.3468,0.9656,0.6243,60.0232,37.75,2855.552,12,0.0817,0.7495,0.6562,0.6801,scanning_probe,4509.0,3457.8,226"
"50.3,12.985,0.00326,0.03136,0.9635,0.5845,60.009,37.5,2797.032,12,0.0986,0.7859,0.6226,0.6682,replay_attack,6171.1,2097.9,48"
"33.93,9.064,0.00499,0.02097,0.9585,0.5717,60.051,38.8,2802.892,12,0.1672,0.7785,0.6483,0.6637,normal,4312.4,3831.0,32"
"42.67,9.537,0.00377,0.02449,0.9855,0.5681,60.0071,39.1,2761.43,12,0.1184,0.8699,0.6425,0.668,normal,6044.8,3401.7,43"
"1218.66,202.218,0.00277,0.56066,0.9756,0.5692,59.9625,39.62,2704.003,20,0.1364,0.8999,0.6411,0.6707,dos_attack,4946.8,2481.2,624"
"28.54,14.426,0.00275,0.03,0.9817,0.5967,59.9952,39.48,2673.236,11,0.1336,0.8877,0.6541,0.6628,normal,3926.4,2447.2,38"
"24.59,70.084,0.04392,0.03266,0.9836,0.5942,60.0203,39.41,2677.03,10,0.191,0.8677,0.6567,0.673,man_in_the_middle,5366.7,2958.5,38"
"23.11,16.52,0.0022,0.02413,0.982,0.6191,59.9921,39.78,2625.697,11,0.1802,0.9397,0.6442,0.6789,normal,4934.8,3743.5,38"
"31.82,9.331,0.00562,0.03499,0.9657,0.6571,60.0227,40.25,2605.341,10,0.1555,0.8622,0.6331,0.6587,normal,5777.4,3795.1,40"
"851.98,192.079,0.00305,0.67477,0.9591,0.6865,60.0064,40.05,2631.256,11,0.1954,0.8442,0.6468,0.6679,dos_attack,4692.8,3933.8,1229"
"26.63,14.416,0.00354,0.0258,0.9583,0.7041,60.0145,41.44,2579.372,20,0.1889,0.7981,0.6546,0.6564,normal,4590.6,3208.6,37"
"33.56,12.511,0.00237,0.03791,1.212,0.7262,60.0136,41.18,3299.407,11,0.2212,0.7663,0.659,0.6555,false_data_injection,4586.1,3436.7,34"
"38.47,11.724,0.00292,0.03068,1.2134,0.7139,60.0062,40.31,2972.693,10,0.2342,0.6559,0.6388,0.6638,false_data_injection,4666.1,2878.1,46"
"20.2,4.18,0.0033,0.02949,0.9367,0.7174,59.9959,41.36,2613.988,20,0.2646,0.6432,0.6439,0.6558,normal,4766.8,3183.5,13"
"31.94,12.886,0.00136,0.02344,0.9321,0.7296,60.0028,40.81,2634.195,21,0.2844,0.5891,0.6658,0.6522,normal,4549.7,3665.3,40"
"36.03,13.808,0.00286,0.16552,0.9236,0.7115,60.0044,43.11,2660.363,12,0.2387,0.5671,0.6243,0.6472,scanning_probe,3806.1,3632.2,286"
"24.28,12.276,0.00311,0.0297,1.2885,0.674,60.0239,43.19,3221.237,20,0.3011,0.5814,0.6386,0.6482,false_data_injection,3430.6,3210.9,28"
"47.4,9.166,0.00246,0.03093,0.6919,0.6562,59.9698,42.37,3039.552,20,0.369,0.5179,0.6469,0.6487,false_data_injection,5345.2,3434.8,36"
"1067.0,184.106,0.00241,0.65336,0.9147,0.6293,59.9877,43.76,2764.074,21,0.3557,0.5435,0.665,0.6475,dos_attack,5488.9,3449.1,1156"
"55.48,10.572,0.00372,0.02854,0.9221,0.5853,60.0224,43.63,2824.528,20,0.3572,0.424,0.6402,0.6483,normal,5362.4,3176.3,43"
"23.81,19.453,0.00547,0.02592,0.9166,0.5833,59.969,43.95,2837.486,11,0.3345,0.5181,0.6528,0.6466,normal,4162.5,3396.7,45"
"34.24,13.714,0.00426,0.03297,0.9286,0.5712,59.9955,45.49,2874.09,11,0.3242,0.0265,0.1943,0.6171,der_manipulation,4146.9,3422.1,41"
"14.71,12.642,0.00206,0.02661,0.9443,0.589,59.9921,44.39,2906.831,21,0.2977,0.5706,0.6535,0.6399,normal,4136.0,3506.5,21"
"37.84,11.454,0.00282,0.02763,0.9448,0.5819,59.9883,45.26,2902.284,21,0.3917,0.6127,0.654,0.6375,normal,3950.2,2716.8,33"
"62.07,8.572,0.00315,0.26446,0.9491,0.6002,59.9818,44.27,2932.824,10,0.3611,0.6319,0.6606,0.6275,scanning_probe,4993.9,2760.3,186"
"32.15,12.748,0.0029,0.03909,0.9573,0.6242,59.9626,45.22,2953.556,20,0.3517,0.5853,0.6688,0.6255,normal,4250.6,3017.6,37"
"33.71,10.596,0.00325,0.02477,1.1866,0.6633,59.9725,45.76,3317.315,20,0.3767,0.7261,0.6601,0.6196,false_data_injection,3934.9,2084.6,41"
"35.78,12.977,0.00173,0.03087,0.984,0.6616,59.9628,45.92,2968.518,12,0.3777,0.7096,0.6458,0.6181,normal,3479.5,2806.7,39"
"67.13,10.621,0.0011,0.02664,0.9719,0.7078,60.0044,46.02,3011.329,20,0.4069,0.788,0.6506,0.6135,normal,4325.6,3581.6,55"
"19.05,12.095,0.0022,0.02486,0.9783,0.7041,60.0361,45.71,2977.134,20,0.4308,0.8359,0.6632,0.5996,normal,4787.5,2634.5,22"
"16.24,15.23,0.00283,0.02686,0.9832,0.7367,59.9956,44.4,3007.882,21,0.398,0.8956,0.6642,0.6025,normal,4152.2,2789.5,26"
"26.92,14.96,0.00495,0.02825,0.99,0.7247,59.9835,46.28,2965.101,12,0.4134,0.8371,0.626,0.5998,normal,5281.1,3785.7,37"
"998.75,118.449,0.00303,0.40273,0.9726,0.713,60.0174,45.63,2939.285,12,0.3857,0.8209,0.662,0.6013,dos_attack,4853.2,3460.2,1040"
"37.43,10.46,0.0021,0.0361,0.9721,2.1319,60.0112,72.37,2912.683,12,0.3186,0.9182,0.6321,0.6049,physical_fault,2731.1,3577.2,38"
"27.19,15.612,0.00239,0.02507,0.9748,0.6743,60.002,46.44,2892.793,10,0.3755,0.8671,0.6452,0.6046,normal,4490.4,2803.9,40"
"27.66,12.317,0.00223,0.03096,0.9624,0.6525,60.0181,46.47,2854.42,12,0.3772,0.8387,0.6512,0.5896,normal,4097.0,3052.2,27"
"26.35,13.462,0.00171,0.03972,0.9528,0.623,59.9961,44.87,2846.474,20,0.3089,0.8358,0.6453,0.5749,normal,4306.4,2495.8,40"
"42.39,7.231,0.00461,0.04333,0.9421,0.609,59.9876,45.34,2798.482,21,0.3761,0.7997,0.6392,0.5766,normal,4112.9,2987.0,38"
"45.99,11.002,0.00445,0.02899,0.6062,0.5879,60.0,45.6,2364.834,11,0.3441,0.7716,0.6562,0.5664,false_data_injection,3489.6,3762.3,43"
"35.26,15.219,0.0034,0.02956,0.9225,0.5486,60.0024,46.08,2703.475,10,0.3035,0.7564,0.6331,0.5728,normal,5724.7,3834.5,53"
"17.39,17.434,0.00213,0.03416,0.9283,0.5755,60.0075,45.77,2711.661,11,0.2379,0.578,0.6493,0.5672,normal,6682.7,4273.3,31"
"1161.05,255.215,0.00147,0.66882,0.9286,0.592,60.0079,45.42,2654.279,20,0.2815,0.6791,0.6346,0.5637,dos_attack,4262.5,2802.2,1321"
"44.9,11.151,0.00321,0.02789,0.9144,0.6067,60.0275,45.27,2598.872,11,0.2708,1.1161,1.0138,0.5532,der_manipulation,4127.2,3276.6,49"
"53.97,8.33,0.00281,0.29119,0.9237,0.6072,60.0022,45.44,2637.151,20,0.2314,0.5247,0.6524,0.5475,scanning_probe,5351.4,3707.3,234"
"23.84,13.705,0.00297,0.03781,0.9143,0.6686,59.9564,44.97,2612.059,12,0.2349,0.6698,0.6678,0.5518,normal,4055.0,3395.4,29"
"29.19,15.218,0.00472,0.02411,0.7104,0.695,60.012,44.52,3224.652,11,0.2947,0.5297,0.6459,0.5441,false_data_injection,5236.3,2903.0,40"
"23.73,11.981,0.00157,0.03357,0.9347,0.7225,60.0383,45.14,2575.885,12,0.1574,0.503,0.6598,0.5439,normal,4992.7,2824.3,30"
"17.81,131.285,0.0183,0.02901,0.9481,0.7178,60.0048,44.75,2590.827,12,0.1902,0.5649,0.6555,0.5395,man_in_the_middle,5437.7,3731.6,23"
"947.59,235.958,0.00435,0.58093,0.9329,0.7327,60.0007,43.75,2615.412,10,0.2225,0.5312,0.6237,0.5383,dos_attack,5589.8,3952.0,1009"
"26.58,18.02,0.00237,0.01851,0.9552,0.7477,60.0107,43.59,2614.104,21,0.1822,0.4396,0.6553,0.5396,normal,4264.1,2896.3,46"
"27.11,11.302,0.0039,0.25566,0.9554,0.7056,59.9621,44.12,2689.258,20,0.1565,0.5891,0.6609,0.5279,scanning_probe,3986.4,3365.6,147"
"43.58,7.914,0.00327,0.0259,0.9628,0.7033,60.023,42.24,2691.292,21,0.1505,0.6017,0.6452,0.5258,normal,4221.5,2984.2,38"
"22.25,15.13,0.00437,0.03193,0.9812,0.6889,59.9898,41.71,2714.145,10,0.179,0.636,0.6531,0.5121,normal,5917.6,3026.2,34"
"45.27,7.972,0.00333,0.02576,0.6078,0.6591,60.0287,42.77,2117.421,21,0.1086,0.6664,0.6391,0.512,false_data_injection,3839.6,3170.2,37"
"20.92,13.073,0.00343,0.19265,0.9706,0.6388,59.9924,41.83,2787.364,12,0.1015,0.7832,0.6659,0.5074,scanning_probe,4869.4,3529.5,149"
"26.06,15.441,0.00238,0.0346,0.9782,0.597,59.9881,42.06,2812.395,21,0.0868,0.7524,0.6601,0.5044,normal,2987.3,2790.0,41"
"31.26,16.738,0.00187,0.03784,0.9816,2.1743,59.9789,81.68,2892.393,12,0.1009,0.7492,0.625,0.5052,physical_fault,4153.8,3645.1,46"
"31.59,11.89,0.00323,0.03035,0.9669,0.5732,60.0054,41.94,2918.129,12,0.1045,0.8137,0.6471,0.4941,normal,4485.5,2487.6,35"
"28.18,14.224,0.00472,0.2537,0.9662,0.559,59.9994,39.86,2948.306,10,0.1034,0.9142,0.6386,0.49,scanning_probe,5019.5,2114.6,238"
"36.47,11.448,0.0025,0.02474,0.9628,1.5595,60.0367,68.84,2976.363,20,0.1256,0.9081,0.6476,0.5001,physical_fault,4736.5,3686.8,51"
"35.92,14.958,0.00328,0.03858,0.9603,0.6231,60.062,39.32,2955.838,20,0.071,0.8918,0.6439,0.4931,normal,3569.3,3683.0,45"
"26.26,11.596,0.00442,0.02901,0.9412,0.6205,60.0063,39.0,3009.048,10,0.1329,0.9719,0.6135,0.4773,normal,3720.4,3347.8,32"
"32.25,13.397,0.00103,0.03418,0.9412,0.6412,59.9814,39.31,3008.342,11,0.0323,0.9224,0.638,0.4826,normal,2991.4,4326.3,44"
"52.57,5.691,0.00392,0.02879,1.2807,0.6821,60.0038,39.4,2639.245,20,0.1497,0.8777,0.6507,0.4701,false_data_injection,4499.2,3173.9,48"
"34.13,15.285,0.00396,0.03496,0.9387,1.49,59.9845,95.25,2995.773,21,0.1245,0.8961,0.6324,0.4625,physical_fault,5468.7,3343.0,45"
"30.78,9.072,0.00341,0.03205,0.9211,0.6915,60.0136,39.61,2976.73,12,0.1277,0.8447,0.6497,0.4699,normal,3512.5,3485.1,25"
"21.25,15.578,0.00329,0.03178,0.9171,0.7375,59.9926,38.86,2952.623,21,0.1179,0.7714,0.6501,0.471,normal,4578.0,3083.6,37"
"26.59,14.709,0.0031,0.03022,0.917,0.7341,59.9871,38.25,2945.137,20,0.1557,0.8255,0.6353,0.4516,normal,5118.0,2651.9,34"
"17.91,16.135,0.00134,0.03543,0.9259,0.7176,60.022,37.2,2921.31,10,0.1642,0.7388,0.6539,0.4667,normal,4801.0,3672.7,30"
"25.74,19.938,0.0031,0.03224,0.9162,0.6914,59.9841,38.09,2890.631,12,0.1557,0.6308,0.6627,0.4473,normal,5661.2,2526.0,42"
"42.22,11.17,0.00401,0.02952,1.3642,0.6791,59.9829,38.42,2429.506,11,0.1862,0.5626,0.634,0.4612,false_data_injection,4218.7,3051.8,49"
"24.17,12.97,0.00346,0.0274,1.1231,0.6494,59.9653,37.82,3177.916,10,0.2021,0.5258,0.633,0.4557,false_data_injection,3892.6,3187.6,33"
"27.58,15.529,0.00147,0.31012,0.9433,0.6001,59.9809,39.0,2768.82,10,0.2609,0.5351,0.6397,0.4474,scanning_probe,3719.5,3282.4,285"
"23.85,14.672,0.00318,0.02887,0.9519,0.5929,60.0372,37.26,2740.779,21,0.2425,0.5314,0.6302,0.4487,normal,5356.2,3830.3,37"
